{
  "name": "BookStore Restful API",
  "version": "1.0.0",
  "description": "BookStore Restful API declaration.",
  "title": "BookStoreRestful API",
  "sampleUrl_tmp": "https://api-boot-develop.wise-saas.com",
  "order": [
    "UserMgmt",
    "BookMgmt",
    "OrderMgmt",
    "PayMgmt",
    "BackMgmt"
  ],
  "template": {
    "forceLanguage": "en",
    "withCompare": true,
    "withGenerator": true
  },
  "sampleUrl": false,
  "defaultVersion": "0.0.0",
  "apidoc": "0.3.0",
  "generator": {
    "name": "apidoc",
    "time": "2019-04-17T10:48:16.562Z",
    "url": "http://apidocjs.com",
    "version": "0.17.7"
  }
}
